List,Name,firstName,lastName,Title,LIProfileUrl,CompanyLIProfileUrl,Company,CompanyIndustry,Website,Company Location,companyStreet1,Contact Location,Phone,Email,email1,email2,PersonalEmail,companyPhone1,companyPhone2,companyPhone3,contactPhone1,contactPhone2
Houston Financial Advisors,James R Waters,James,Waters,Founder and President,"https://www.linkedin.com/sales/people/ACwAAALWOskBWLcR6NoMy2yA6T4Ju14CNFcUKb4,NAME_SEARCH",https://www.linkedin.com/company/https:/www.linkedin.com/company/2325468,"PartnersInWealth, Inc.",Financial Services,partnersinwealth.com,,,"Houston, Texas, United States",713.964.4028,james@partnersinwealth.com,james@partnersinwealth.com,james.waters@partnersinwealth.com,,713.964.4028,,,,
Houston Financial Advisors,Bryant Mook,Bryant,Mook,Member Of The Board Of Advisors,"https://www.linkedin.com/sales/people/ACwAAAIllkcBoTx5MCAAZTn5OAXPamwiZkkhoDA,NAME_SEARCH",https://www.linkedin.com/company/bitcoinoil,BITCOIN OIL,Information Technology and Services,protonmail.com,,,"Cypress, Texas, United States",,bryant@protonmail.com,bryant@protonmail.com,mook@protonmail.com,,,,,,
Houston Financial Advisors,Baron Tayler,Baron,Tayler,Project Partner and Strategic Advisor  RDL Energy,"https://www.linkedin.com/sales/people/ACwAAAKG0VQBHxE4oGVrjrCl-RErlBQ8xxO6BhU,NAME_SEARCH",https://www.linkedin.com/company/https:/www.linkedin.com/company/15258484,RDL Energy,Oil & Energy,rdlenergy.com,2800 Post Oak Blvd Houston Texas US,2800 Post Oak Blvd,"Houston, Texas, United States",832.390.2498,btayler@rdlenergy.com,btayler@rdlenergy.com,tayler@rdlenergy.com,,832.390.2498,,,,
Houston Financial Advisors,Peter Pettigrew,Peter,Pettigrew,Founder & CEO,"https://www.linkedin.com/sales/people/ACwAAAF6udIBYKk2OCWYzgd8iREq1Wjf29KAX3M,NAME_SEARCH",,"Zoom Venture Group, LLC",,cnbc.com,,,"Houston, Texas, United States",,,,,,,,,,
Houston Financial Advisors,Monica Barger,Monica,Barger,President,"https://www.linkedin.com/sales/people/ACwAAAL5E8UBEbHecSVQIk5_pr3AvB0mnGO72F8,NAME_SEARCH",,1 Stop Business & Tax Solutions,Accounting,onestop-business.net,,,"Houston, Texas, United States",281.402.6799,monica@onestop-business.net,monica@onestop-business.net,,,,,,281.402.6799,
Houston Financial Advisors,Andrew Brorsen,Andrew,Brorsen,Senior Partner and Founder,"https://www.linkedin.com/sales/people/ACwAAABEf08BNOE8C3A-ScoSCKb1k8yndebE_ZE,NAME_SEARCH",https://www.linkedin.com/company/29040210,Cirrus Cybersecurity Group,Information Technology and Services,http://www.CirrusCyber.com,,,Greater Houston,443.292.2966,andrew.brorsen@cirruscyber.com,andrew.brorsen@cirruscyber.com,,,443.292.2966,281.769.7656,,281.769.7656,
Houston Financial Advisors,Cfp Carrie Potter,Cfp,Potter,President & Owner,"https://www.linkedin.com/sales/people/ACwAAARQPSYBGktwt1AHWnsHlDZzyD9hxCOwvIA,NAME_SEARCH",,"The Carrie Potter Group, LLC",,carriepottergroup.com,,,"Houston, Texas, United States",,cpotter@carriepottergroup.com,cpotter@carriepottergroup.com,cfp@carriepottergroup.com,,,,,,
Houston Financial Advisors,Ben Klingbeil,Ben,Klingbeil,Director of Shared Services,"https://www.linkedin.com/sales/people/ACwAAAMGv7UB_EMo2eSEru55v2fwTX5UlJ3TGFk,NAME_SEARCH",https://www.linkedin.com/company/https:/www.linkedin.com/company/58213,Conn's HomePlus,Retail,conns.com,,,"Spring, Texas, United States",877.358.1252,ben.klingbeil@conns.com,ben.klingbeil@conns.com,bklingbeil@conns.com,,877.358.1252,936.230.5899,623.846.8300,936.230.5899,
Houston Financial Advisors,Yulia Davydova,Yulia,Davydova,Piano Studio Owner,"https://www.linkedin.com/sales/people/ACwAACf8rp8B4woMruMAMkNj2AuETB5aNyNRDbU,NAME_SEARCH",,Piano in the Loop,,pianofortechicago.com,,,Greater Houston,,,,,,,,,,
